{
    "name": "root",
    "gauges": {
        "ShootAgent.Policy.Entropy.mean": {
            "value": 0.6793174147605896,
            "min": 0.6389545798301697,
            "max": 0.6930710077285767,
            "count": 20
        },
        "ShootAgent.Policy.Entropy.sum": {
            "value": 16792.7265625,
            "min": 15947.3388671875,
            "max": 17576.28125,
            "count": 20
        },
        "ShootAgent.Step.mean": {
            "value": 499972.0,
            "min": 24976.0,
            "max": 499972.0,
            "count": 20
        },
        "ShootAgent.Step.sum": {
            "value": 499972.0,
            "min": 24976.0,
            "max": 499972.0,
            "count": 20
        },
        "ShootAgent.Policy.ExtrinsicValueEstimate.mean": {
            "value": -0.346340149641037,
            "min": -0.4190799593925476,
            "max": 0.047275472432374954,
            "count": 20
        },
        "ShootAgent.Policy.ExtrinsicValueEstimate.sum": {
            "value": -174.20909118652344,
            "min": -208.28274536132812,
            "max": 23.49591064453125,
            "count": 20
        },
        "ShootAgent.Environment.EpisodeLength.mean": {
            "value": 99.0,
            "min": 99.0,
            "max": 99.33333333333333,
            "count": 20
        },
        "ShootAgent.Environment.EpisodeLength.sum": {
            "value": 25740.0,
            "min": 23760.0,
            "max": 25740.0,
            "count": 20
        },
        "ShootAgent.Environment.CumulativeReward.mean": {
            "value": -0.5953307392996109,
            "min": -1.5267489711934157,
            "max": 0.25416666666666665,
            "count": 20
        },
        "ShootAgent.Environment.CumulativeReward.sum": {
            "value": -153.0,
            "min": -371.0,
            "max": 61.0,
            "count": 20
        },
        "ShootAgent.Policy.ExtrinsicReward.mean": {
            "value": -0.5953307392996109,
            "min": -1.5267489711934157,
            "max": 0.25416666666666665,
            "count": 20
        },
        "ShootAgent.Policy.ExtrinsicReward.sum": {
            "value": -153.0,
            "min": -371.0,
            "max": 61.0,
            "count": 20
        },
        "ShootAgent.Losses.PolicyLoss.mean": {
            "value": 0.023478304110396878,
            "min": 0.021960905280359315,
            "max": 0.027185676522044976,
            "count": 20
        },
        "ShootAgent.Losses.PolicyLoss.sum": {
            "value": 0.046956608220793755,
            "min": 0.04392181056071863,
            "max": 0.07621653829560135,
            "count": 20
        },
        "ShootAgent.Losses.ValueLoss.mean": {
            "value": 1.2946253025170529,
            "min": 1.2258770512209998,
            "max": 1.6227067609628043,
            "count": 20
        },
        "ShootAgent.Losses.ValueLoss.sum": {
            "value": 2.5892506050341058,
            "min": 2.5196999701586638,
            "max": 4.411809456348419,
            "count": 20
        },
        "ShootAgent.Policy.LearningRate.mean": {
            "value": 6.168097943999991e-06,
            "min": 6.168097943999991e-06,
            "max": 0.000289968003344,
            "count": 20
        },
        "ShootAgent.Policy.LearningRate.sum": {
            "value": 1.2336195887999982e-05,
            "min": 1.2336195887999982e-05,
            "max": 0.0007411200529599999,
            "count": 20
        },
        "ShootAgent.Policy.Epsilon.mean": {
            "value": 0.10205600000000001,
            "min": 0.10205600000000001,
            "max": 0.19665600000000005,
            "count": 20
        },
        "ShootAgent.Policy.Epsilon.sum": {
            "value": 0.20411200000000002,
            "min": 0.20411200000000002,
            "max": 0.54704,
            "count": 20
        },
        "ShootAgent.Policy.Beta.mean": {
            "value": 0.00011259439999999988,
            "min": 0.00011259439999999988,
            "max": 0.0048331343999999995,
            "count": 20
        },
        "ShootAgent.Policy.Beta.sum": {
            "value": 0.00022518879999999976,
            "min": 0.00022518879999999976,
            "max": 0.012357296,
            "count": 20
        },
        "ShootAgent.IsTraining.mean": {
            "value": 1.0,
            "min": 1.0,
            "max": 1.0,
            "count": 20
        },
        "ShootAgent.IsTraining.sum": {
            "value": 1.0,
            "min": 1.0,
            "max": 1.0,
            "count": 20
        }
    },
    "metadata": {
        "timer_format_version": "0.1.0",
        "start_time_seconds": "1717452292",
        "python_version": "3.9.13 (tags/v3.9.13:6de2ca5, May 17 2022, 16:36:42) [MSC v.1929 64 bit (AMD64)]",
        "command_line_arguments": "C:\\Users\\wangh\\OneDrive\\Desktop\\Projects\\275-tanks\\275-tanks\\venv\\Scripts\\mlagents-learn configuration.yaml --run-id==Shoot1 --force",
        "mlagents_version": "0.30.0",
        "mlagents_envs_version": "0.30.0",
        "communication_protocol_version": "1.5.0",
        "pytorch_version": "2.3.0+cpu",
        "numpy_version": "1.21.2",
        "end_time_seconds": "1717452729"
    },
    "total": 437.0617762,
    "count": 1,
    "self": 0.00615069999997786,
    "children": {
        "run_training.setup": {
            "total": 0.05315760000000003,
            "count": 1,
            "self": 0.05315760000000003
        },
        "TrainerController.start_learning": {
            "total": 437.0024679,
            "count": 1,
            "self": 0.3876556999971399,
            "children": {
                "TrainerController._reset_env": {
                    "total": 13.133598000000001,
                    "count": 1,
                    "self": 13.133598000000001
                },
                "TrainerController.advance": {
                    "total": 423.4507524000028,
                    "count": 25253,
                    "self": 0.41439340000613356,
                    "children": {
                        "env_step": {
                            "total": 340.8770164999981,
                            "count": 25253,
                            "self": 314.77092209999444,
                            "children": {
                                "SubprocessEnvManager._take_step": {
                                    "total": 25.832582200006243,
                                    "count": 25253,
                                    "self": 1.271237700003688,
                                    "children": {
                                        "TorchPolicy.evaluate": {
                                            "total": 24.561344500002555,
                                            "count": 25004,
                                            "self": 24.561344500002555
                                        }
                                    }
                                },
                                "workers": {
                                    "total": 0.2735121999973966,
                                    "count": 25253,
                                    "self": 0.0,
                                    "children": {
                                        "worker_root": {
                                            "total": 424.0610301999974,
                                            "count": 25253,
                                            "is_parallel": true,
                                            "self": 137.20732079999624,
                                            "children": {
                                                "steps_from_proto": {
                                                    "total": 0.0003215000000000856,
                                                    "count": 1,
                                                    "is_parallel": true,