{
    "name": "root",
    "metadata": {
        "timer_format_version": "0.1.0",
        "start_time_seconds": "1717459364",
        "python_version": "3.9.13 (tags/v3.9.13:6de2ca5, May 17 2022, 16:36:42) [MSC v.1929 64 bit (AMD64)]",
        "command_line_arguments": "C:\\Users\\wangh\\OneDrive\\Desktop\\Projects\\275-tanks\\275-tanks\\venv\\Scripts\\mlagents-learn configuration.yaml --run-id==Move4",
        "mlagents_version": "0.30.0",
        "mlagents_envs_version": "0.30.0",
        "communication_protocol_version": "1.5.0",
        "pytorch_version": "2.3.0+cpu",
        "numpy_version": "1.21.2",
        "end_time_seconds": "1717459446"
    },
    "total": 81.5029374,
    "count": 1,
    "self": 10.006633800000003,
    "children": {
        "run_training.setup": {
            "total": 0.054826199999999936,
            "count": 1,
            "self": 0.054826199999999936
        },
        "TrainerController.start_learning": {
            "total": 71.4414774,
            "count": 1,
            "self": 0.00025229999999965,
            "children": {
                "TrainerController._reset_env": {
                    "total": 6.6915351,
                    "count": 1,
                    "self": 6.6915351
                },
                "TrainerController.advance": {
                    "total": 64.6889222,
                    "count": 1,
                    "self": 1.4899999982276313e-05,
                    "children": {
                        "env_step": {
                            "total": 64.68890730000001,
                            "count": 1,
                            "self": 64.68889140000002,
                            "children": {
                                "SubprocessEnvManager._take_step": {
                                    "total": 1.589999999929148e-05,
                                    "count": 2,
                                    "self": 1.589999999929148e-05
                                }
                            }
                        }
                    }
                },
                "trainer_threads": {
                    "total": 6.000000070116585e-07,
                    "count": 1,
                    "self": 6.000000070116585e-07
                },
                "TrainerController._save_models": {
                    "total": 0.0607672000000008,
                    "count": 1,
                    "self": 0.006895200000002433,
                    "children": {
                        "RLTrainer._checkpoint": {
                            "total": 0.053871999999998366,
                            "count": 1,
                            "self": 0.053871999999998366
                        }
                    }
                }
            }
        }
    }
}