{
    "name": "root",
    "metadata": {
        "timer_format_version": "0.1.0",
        "start_time_seconds": "1718919582",
        "python_version": "3.9.16 (main, Dec  7 2022, 10:02:13) \n[Clang 14.0.0 (clang-1400.0.29.202)]",
        "command_line_arguments": "/Users/henry/Desktop/Classes/CS275/275-tanks/275-tanks/venv/bin/mlagents-learn configuration.yaml --run-id=RealMove1 --time-scale=1",
        "mlagents_version": "0.30.0",
        "mlagents_envs_version": "0.30.0",
        "communication_protocol_version": "1.5.0",
        "pytorch_version": "1.11.0",
        "numpy_version": "1.21.2",
        "end_time_seconds": "1718919678"
    },
    "total": 96.05589512499999,
    "count": 1,
    "self": 10.006793290999994,
    "children": {
        "run_training.setup": {
            "total": 0.012478084000000056,
            "count": 1,
            "self": 0.012478084000000056
        },
        "TrainerController.start_learning": {
            "total": 86.03662375,
            "count": 1,
            "self": 0.011427384999933565,
            "children": {
                "TrainerController._reset_env": {
                    "total": 7.041392,
                    "count": 1,
                    "self": 7.041392
                },
                "TrainerController.advance": {
                    "total": 78.83097644900006,
                    "count": 1031,
                    "self": 0.010314909000257444,
                    "children": {
                        "env_step": {
                            "total": 78.75313483299995,
                            "count": 1031,
                            "self": 78.13338290899975,
                            "children": {
                                "SubprocessEnvManager._take_step": {
                                    "total": 0.611615083000153,
                                    "count": 1032,
                                    "self": 0.032977548000097556,
                                    "children": {
                                        "TorchPolicy.evaluate": {
                                            "total": 0.5786375350000554,
                                            "count": 1028,
                                            "self": 0.5786375350000554
                                        }
                                    }
                                },
                                "workers": {
                                    "total": 0.008136841000048634,
                                    "count": 1030,
                                    "self": 0.0,
                                    "children": {
                                        "worker_root": {
                                            "total": 45.984398083,
                                            "count": 1030,
                                            "is_parallel": true,
                                            "self": 1.2720952379999915,
                                            "children": {
                                                "steps_from_proto": {
                                                    "total": 0.0015134589999981074,
                                                    "count": 2,
                                                    "is_parallel": true,
                                                    "self": 0.0005239169999997628,
                                                    "children": {
                                                        "_process_rank_one_or_two_observation": {
                                                            "total": 0.0009895419999983446,
                                                            "count": 4,
                                                            "is_parallel": true,
                                                            "self": 0.0009895419999983446
                                                        }
                                                    }
                                                },
                                                "UnityEnvironment.step": {
                                                    "total": 44.710789386000016,
                                                    "count": 1030,
                                                    "is_parallel": true,
                                                    "self": 0.034704013999984795,
                                                    "children": {
                                                        "UnityEnvironment._generate_step_input": {
                                                            "total": 0.08078282300004958,
                                                            "count": 1030,
                                                            "is_parallel": true,
                                                            "self": 0.08078282300004958
                                                        },
                                                        "communicator.exchange": {
                                                            "total": 44.478500186000026,
                                                            "count": 1030,
                                                            "is_parallel": true,
                                                            "self": 44.478500186000026
                                                        },
                                                        "steps_from_proto": {
                                                            "total": 0.11680236299995261,
                                                            "count": 1030,
                                                            "is_parallel": true,
                                                            "self": 0.043141558000051816,
                                                            "children": {
                                                                "_process_rank_one_or_two_observation": {
                                                                    "total": 0.0736608049999008,
                                                                    "count": 2060,
                                                                    "is_parallel": true,
                                                                    "self": 0.0736608049999008
                                                                }
                                                            }
                                                        }
                                                    }
                                                }
                                            }
                                        }
                                    }
                                }
                            }
                        },
                        "trainer_advance": {
                            "total": 0.06752670699985863,
                            "count": 1030,
                            "self": 0.01265807299976629,
                            "children": {
                                "process_trajectory": {
                                    "total": 0.05486863400009234,
                                    "count": 1030,
                                    "self": 0.05486863400009234
                                }
                            }
                        }
                    }
                },
                "trainer_threads": {
                    "total": 4.999999987376214e-07,
                    "count": 1,
                    "self": 4.999999987376214e-07
                },
                "TrainerController._save_models": {
                    "total": 0.15282741600000804,
                    "count": 1,
                    "self": 0.009939832000000592,