{
    "name": "root",
    "gauges": {
        "MoveAgent.Policy.Entropy.mean": {
            "value": 1.4332340955734253,
            "min": 1.4199466705322266,
            "max": 1.4332340955734253,
            "count": 3
        },
        "MoveAgent.Policy.Entropy.sum": {
            "value": 36289.48828125,
            "min": 34621.515625,
            "max": 37543.390625,
            "count": 3
        },
        "MoveAgent.Environment.EpisodeLength.mean": {
            "value": 46.13295880149813,
            "min": 46.13295880149813,
            "max": 68.45856353591161,
            "count": 3
        },
        "MoveAgent.Environment.EpisodeLength.sum": {
            "value": 24635.0,
            "min": 23987.0,
            "max": 24782.0,
            "count": 3
        },
        "MoveAgent.Step.mean": {
            "value": 74971.0,
            "min": 24953.0,
            "max": 74971.0,
            "count": 3
        },
        "MoveAgent.Step.sum": {
            "value": 74971.0,
            "min": 24953.0,
            "max": 74971.0,
            "count": 3
        },
        "MoveAgent.Policy.ExtrinsicValueEstimate.mean": {
            "value": 26.746658325195312,
            "min": 6.284911632537842,
            "max": 26.746658325195312,
            "count": 3
        },
        "MoveAgent.Policy.ExtrinsicValueEstimate.sum": {
            "value": 18535.43359375,
            "min": 3569.829833984375,
            "max": 18535.43359375,
            "count": 3
        },
        "MoveAgent.Environment.CumulativeReward.mean": {
            "value": 96.53781313712436,
            "min": 96.53781313712436,
            "max": 129.15066876649524,
            "count": 3
        },
        "MoveAgent.Environment.CumulativeReward.sum": {
            "value": 51358.11658895016,
            "min": 46235.939418405294,
            "max": 51358.11658895016,
            "count": 3
        },
        "MoveAgent.Policy.ExtrinsicReward.mean": {
            "value": 96.53781313712436,
            "min": 96.53781313712436,
            "max": 129.15066876649524,
            "count": 3
        },
        "MoveAgent.Policy.ExtrinsicReward.sum": {
            "value": 51358.11658895016,
            "min": 46235.939418405294,
            "max": 51358.11658895016,
            "count": 3
        },
        "MoveAgent.Losses.PolicyLoss.mean": {
            "value": 0.02444639361482302,
            "min": 0.02444639361482302,
            "max": 0.028088476536019393,
            "count": 3
        },
        "MoveAgent.Losses.PolicyLoss.sum": {
            "value": 0.07333918084446905,
            "min": 0.048985041560830944,
            "max": 0.07333918084446905,
            "count": 3
        },
        "MoveAgent.Losses.ValueLoss.mean": {
            "value": 762.617698407414,
            "min": 589.0669657389324,
            "max": 762.617698407414,
            "count": 3
        },
        "MoveAgent.Losses.ValueLoss.sum": {
            "value": 2287.853095222242,
            "min": 1178.1339314778647,
            "max": 2287.853095222242,
            "count": 3
        },
        "MoveAgent.Policy.LearningRate.mean": {
            "value": 0.00026172461275846665,
            "min": 0.00026172461275846665,
            "max": 0.00029061000312999996,
            "count": 3
        },
        "MoveAgent.Policy.LearningRate.sum": {
            "value": 0.0007851738382754,
            "min": 0.0005552406149198,
            "max": 0.0007851738382754,
            "count": 3
        },
        "MoveAgent.Policy.Epsilon.mean": {
            "value": 0.18724153333333335,
            "min": 0.18724153333333335,
            "max": 0.19687000000000004,
            "count": 3
        },
        "MoveAgent.Policy.Epsilon.sum": {
            "value": 0.5617246,
            "min": 0.38508020000000004,
            "max": 0.5617246,
            "count": 3
        },
        "MoveAgent.Policy.Beta.mean": {
            "value": 0.0043633525133333325,
            "min": 0.0043633525133333325,
            "max": 0.004843812999999999,
            "count": 3
        },
        "MoveAgent.Policy.Beta.sum": {
            "value": 0.013090057539999998,
            "min": 0.009255501979999999,
            "max": 0.013090057539999998,
            "count": 3
        },
        "MoveAgent.IsTraining.mean": {
            "value": 1.0,
            "min": 1.0,
            "max": 1.0,
            "count": 3
        },
        "MoveAgent.IsTraining.sum": {
            "value": 1.0,
            "min": 1.0,
            "max": 1.0,
            "count": 3
        }
    },
    "metadata": {
        "timer_format_version": "0.1.0",
        "start_time_seconds": "1717460427",
        "python_version": "3.9.13 (tags/v3.9.13:6de2ca5, May 17 2022, 16:36:42) [MSC v.1929 64 bit (AMD64)]",
        "command_line_arguments": "C:\\Users\\wangh\\OneDrive\\Desktop\\Projects\\275-tanks\\275-tanks\\venv\\Scripts\\mlagents-learn configuration.yaml --run-id==Move11",
        "mlagents_version": "0.30.0",
        "mlagents_envs_version": "0.30.0",
        "communication_protocol_version": "1.5.0",
        "pytorch_version": "2.3.0+cpu",
        "numpy_version": "1.21.2",
        "end_time_seconds": "1717460587"
    },
    "total": 160.2098512,
    "count": 1,
    "self": 0.014374199999991788,
    "children": {
        "run_training.setup": {
            "total": 0.05190249999999996,
            "count": 1,
            "self": 0.05190249999999996
        },
        "TrainerController.start_learning": {
            "total": 160.1435745,
            "count": 1,
            "self": 0.04079769999987093,
            "children": {
                "TrainerController._reset_env": {
                    "total": 4.5685813,
                    "count": 1,
                    "self": 4.5685813
                },
                "TrainerController.advance": {
                    "total": 155.4694591000001,
                    "count": 2870,
                    "self": 0.044668399999920894,
                    "children": {
                        "env_step": {
                            "total": 143.5646400000001,
                            "count": 2870,
                            "self": 141.93424409999994,
                            "children": {
                                "SubprocessEnvManager._take_step": {
                                    "total": 1.6028103999998011,
                                    "count": 2870,
                                    "self": 0.12843219999930433,
                                    "children": {
                                        "TorchPolicy.evaluate": {
                                            "total": 1.4743782000004968,
                                            "count": 2407,
                                            "self": 1.4743782000004968
                                        }
                                    }
                                },
                                "workers": {
                                    "total": 0.027585500000365748,
                                    "count": 2869,
                                    "self": 0.0,
                                    "children": {
                                        "worker_root": {
                                            "total": 94.6253436999997,
                                            "count": 2869,
                                            "is_parallel": true,
                                            "self": 17.30510219999944,
                                            "children": {
                                                "steps_from_proto": {
                                                    "total": 0.0003438000000000052,
                                                    "count": 1,
                                                    "is_parallel": true,
                                                    "self": 9.630000000004912e-05,