{
    "name": "root",
    "metadata": {
        "timer_format_version": "0.1.0",
        "start_time_seconds": "1718918127",
        "python_version": "3.9.16 (main, Dec  7 2022, 10:02:13) \n[Clang 14.0.0 (clang-1400.0.29.202)]",
        "command_line_arguments": "/Users/henry/Desktop/Classes/CS275/275-tanks/275-tanks/venv/bin/mlagents-learn configuration.yaml --run-id=Move3 --time-scale=1",
        "mlagents_version": "0.30.0",
        "mlagents_envs_version": "0.30.0",
        "communication_protocol_version": "1.5.0",
        "pytorch_version": "1.11.0",
        "numpy_version": "1.21.2",
        "end_time_seconds": "1718918227"
    },
    "total": 99.576886125,
    "count": 1,
    "self": 0.008357250999992516,
    "children": {
        "run_training.setup": {
            "total": 0.01804658299999995,
            "count": 1,
            "self": 0.01804658299999995
        },
        "TrainerController.start_learning": {
            "total": 99.55048229100001,
            "count": 1,
            "self": 0.007308086999941565,
            "children": {
                "TrainerController._reset_env": {
                    "total": 19.153250542000002,
                    "count": 1,
                    "self": 19.153250542000002
                },
                "TrainerController.advance": {
                    "total": 80.23838441200007,
                    "count": 540,
                    "self": 0.005968076000186784,
                    "children": {
                        "env_step": {
                            "total": 80.19281978599993,
                            "count": 540,
                            "self": 79.85759358799993,
                            "children": {
                                "SubprocessEnvManager._take_step": {
                                    "total": 0.3310761180000412,
                                    "count": 540,
                                    "self": 0.016940518999977172,
                                    "children": {
                                        "TorchPolicy.evaluate": {
                                            "total": 0.31413559900006405,
                                            "count": 538,
                                            "self": 0.31413559900006405
                                        }
                                    }
                                },
                                "workers": {
                                    "total": 0.004150079999959644,
                                    "count": 539,
                                    "self": 0.0,
                                    "children": {
                                        "worker_root": {
                                            "total": 19.50906221700006,
                                            "count": 539,
                                            "is_parallel": true,
                                            "self": 0.7450911050001103,
                                            "children": {
                                                "steps_from_proto": {
                                                    "total": 0.0010120829999991088,
                                                    "count": 1,
                                                    "is_parallel": true,
                                                    "self": 0.0005599990000000332,
                                                    "children": {
                                                        "_process_rank_one_or_two_observation": {
                                                            "total": 0.00045208399999907556,
                                                            "count": 2,
                                                            "is_parallel": true,
                                                            "self": 0.00045208399999907556
                                                        }
                                                    }
                                                },
                                                "UnityEnvironment.step": {
                                                    "total": 18.76295902899995,
                                                    "count": 539,
                                                    "is_parallel": true,
                                                    "self": 0.019619751999869095,
                                                    "children": {
                                                        "UnityEnvironment._generate_step_input": {
                                                            "total": 0.043776335000107025,
                                                            "count": 539,
                                                            "is_parallel": true,
                                                            "self": 0.043776335000107025
                                                        },
                                                        "communicator.exchange": {
                                                            "total": 18.63619795,
                                                            "count": 539,
                                                            "is_parallel": true,
                                                            "self": 18.63619795
                                                        },
                                                        "steps_from_proto": {
                                                            "total": 0.06336499199997547,
                                                            "count": 539,
                                                            "is_parallel": true,
                                                            "self": 0.023238253999949166,
                                                            "children": {
                                                                "_process_rank_one_or_two_observation": {
                                                                    "total": 0.04012673800002631,
                                                                    "count": 1078,
                                                                    "is_parallel": true,
                                                                    "self": 0.04012673800002631
                                                                }
                                                            }
                                                        }
                                                    }
                                                }
                                            }
                                        }
                                    }
                                }
                            }
                        },
                        "trainer_advance": {
                            "total": 0.03959654999995976,
                            "count": 539,
                            "self": 0.007316517999996108,
                            "children": {
                                "process_trajectory": {
                                    "total": 0.032280031999963654,
                                    "count": 539,
                                    "self": 0.032280031999963654
                                }
                            }
                        }
                    }
                },
                "TrainerController._save_models": {
                    "total": 0.15153924999999902,
                    "count": 1,
                    "self": 0.008244207999993591,
                    "children": {
                        "RLTrainer._checkpoint": {
                            "total": 0.14329504200000542,
                            "count": 1,