{
    "name": "root",
    "metadata": {
        "timer_format_version": "0.1.0",
        "start_time_seconds": "1718917956",
        "python_version": "3.9.16 (main, Dec  7 2022, 10:02:13) \n[Clang 14.0.0 (clang-1400.0.29.202)]",
        "command_line_arguments": "/Users/henry/Desktop/Classes/CS275/275-tanks/275-tanks/venv/bin/mlagents-learn configuration.yaml --run-id=Move2 --time-scale=1",
        "mlagents_version": "0.30.0",
        "mlagents_envs_version": "0.30.0",
        "communication_protocol_version": "1.5.0",
        "pytorch_version": "1.11.0",
        "numpy_version": "1.21.2",
        "end_time_seconds": "1718918086"
    },
    "total": 129.426154083,
    "count": 1,
    "self": 0.0075267919999930655,
    "children": {
        "run_training.setup": {
            "total": 0.012938082999999989,
            "count": 1,
            "self": 0.012938082999999989
        },
        "TrainerController.start_learning": {
            "total": 129.405689208,
            "count": 1,
            "self": 0.015429957000037575,
            "children": {
                "TrainerController._reset_env": {
                    "total": 5.686371791,
                    "count": 1,
                    "self": 5.686371791
                },
                "TrainerController.advance": {
                    "total": 123.54383075199996,
                    "count": 1312,
                    "self": 0.014738554000061299,
                    "children": {
                        "env_step": {
                            "total": 123.44159445499993,
                            "count": 1312,
                            "self": 122.66057800700001,
                            "children": {
                                "SubprocessEnvManager._take_step": {
                                    "total": 0.7711316109999231,
                                    "count": 1312,
                                    "self": 0.039850696999883084,
                                    "children": {
                                        "TorchPolicy.evaluate": {
                                            "total": 0.73128091400004,
                                            "count": 1306,
                                            "self": 0.73128091400004
                                        }
                                    }
                                },
                                "workers": {
                                    "total": 0.00988483699998799,
                                    "count": 1311,
                                    "self": 0.0,
                                    "children": {
                                        "worker_root": {
                                            "total": 62.757745642999865,
                                            "count": 1311,
                                            "is_parallel": true,
                                            "self": 1.6094772679998641,
                                            "children": {
                                                "steps_from_proto": {
                                                    "total": 0.0009165420000005753,
                                                    "count": 1,
                                                    "is_parallel": true,
                                                    "self": 0.0004714170000008622,
                                                    "children": {
                                                        "_process_rank_one_or_two_observation": {
                                                            "total": 0.0004451249999997131,
                                                            "count": 2,
                                                            "is_parallel": true,
                                                            "self": 0.0004451249999997131
                                                        }
                                                    }
                                                },
                                                "UnityEnvironment.step": {
                                                    "total": 61.147351833,
                                                    "count": 1311,
                                                    "is_parallel": true,
                                                    "self": 0.04442735399997133,
                                                    "children": {
                                                        "UnityEnvironment._generate_step_input": {
                                                            "total": 0.10209527099990368,
                                                            "count": 1311,
                                                            "is_parallel": true,
                                                            "self": 0.10209527099990368
                                                        },
                                                        "communicator.exchange": {
                                                            "total": 60.8569478140001,
                                                            "count": 1311,
                                                            "is_parallel": true,
                                                            "self": 60.8569478140001
                                                        },
                                                        "steps_from_proto": {
                                                            "total": 0.14388139400002586,
                                                            "count": 1311,
                                                            "is_parallel": true,
                                                            "self": 0.05263300200011223,
                                                            "children": {
                                                                "_process_rank_one_or_two_observation": {
                                                                    "total": 0.09124839199991364,
                                                                    "count": 2622,
                                                                    "is_parallel": true,
                                                                    "self": 0.09124839199991364
                                                                }
                                                            }
                                                        }
                                                    }
                                                }
                                            }
                                        }
                                    }
                                }
                            }
                        },
                        "trainer_advance": {
                            "total": 0.08749774299996815,
                            "count": 1311,
                            "self": 0.017039314000006023,
                            "children": {
                                "process_trajectory": {
                                    "total": 0.07045842899996213,
                                    "count": 1311,
                                    "self": 0.07045842899996213
                                }
                            }
                        }
                    }
                },
                "TrainerController._save_models": {
                    "total": 0.16005670800001326,
                    "count": 1,
                    "self": 0.010303916000026447,
                    "children": {
                        "RLTrainer._checkpoint": {
                            "total": 0.1497527919999868,
                            "count": 1,