{
    "name": "root",
    "metadata": {
        "timer_format_version": "0.1.0",
        "start_time_seconds": "1717460360",
        "python_version": "3.9.13 (tags/v3.9.13:6de2ca5, May 17 2022, 16:36:42) [MSC v.1929 64 bit (AMD64)]",
        "command_line_arguments": "C:\\Users\\wangh\\OneDrive\\Desktop\\Projects\\275-tanks\\275-tanks\\venv\\Scripts\\mlagents-learn configuration.yaml --run-id==Move10",
        "mlagents_version": "0.30.0",
        "mlagents_envs_version": "0.30.0",
        "communication_protocol_version": "1.5.0",
        "pytorch_version": "2.3.0+cpu",
        "numpy_version": "1.21.2",
        "end_time_seconds": "1717460400"
    },
    "total": 39.4937148,
    "count": 1,
    "self": 0.006275600000002157,
    "children": {
        "run_training.setup": {
            "total": 0.0582815000000001,
            "count": 1,
            "self": 0.0582815000000001
        },
        "TrainerController.start_learning": {
            "total": 39.4291577,
            "count": 1,
            "self": 0.05590089999994774,
            "children": {
                "TrainerController._reset_env": {
                    "total": 6.6298053,
                    "count": 1,
                    "self": 6.6298053
                },
                "TrainerController.advance": {
                    "total": 32.68650660000005,
                    "count": 4433,
                    "self": 0.05174730000006633,
                    "children": {
                        "env_step": {
                            "total": 32.158934100000025,
                            "count": 4433,
                            "self": 30.016794699999856,
                            "children": {
                                "SubprocessEnvManager._take_step": {
                                    "total": 2.1070539000000466,
                                    "count": 4433,
                                    "self": 0.1738064000001156,
                                    "children": {
                                        "TorchPolicy.evaluate": {
                                            "total": 1.933247499999931,
                                            "count": 4271,
                                            "self": 1.933247499999931
                                        }
                                    }
                                },
                                "workers": {
                                    "total": 0.03508550000012356,
                                    "count": 4432,
                                    "self": 0.0,
                                    "children": {
                                        "worker_root": {
                                            "total": 33.32556949999993,
                                            "count": 4432,
                                            "is_parallel": true,
                                            "self": 5.92803499999982,
                                            "children": {
                                                "steps_from_proto": {
                                                    "total": 0.000190400000000146,
                                                    "count": 1,
                                                    "is_parallel": true,
                                                    "self": 5.819999999889802e-05,
                                                    "children": {
                                                        "_process_rank_one_or_two_observation": {
                                                            "total": 0.00013220000000124799,
                                                            "count": 2,
                                                            "is_parallel": true,
                                                            "self": 0.00013220000000124799
                                                        }
                                                    }
                                                },
                                                "UnityEnvironment.step": {
                                                    "total": 27.397344100000108,
                                                    "count": 4432,
                                                    "is_parallel": true,
                                                    "self": 0.2374348999998901,
                                                    "children": {
                                                        "UnityEnvironment._generate_step_input": {
                                                            "total": 0.2250517000000105,
                                                            "count": 4432,
                                                            "is_parallel": true,
                                                            "self": 0.2250517000000105
                                                        },
                                                        "communicator.exchange": {
                                                            "total": 26.362676300000157,
                                                            "count": 4432,
                                                            "is_parallel": true,
                                                            "self": 26.362676300000157
                                                        },
                                                        "steps_from_proto": {
                                                            "total": 0.572181200000049,
                                                            "count": 4432,
                                                            "is_parallel": true,
                                                            "self": 0.23896949999975803,
                                                            "children": {
                                                                "_process_rank_one_or_two_observation": {
                                                                    "total": 0.333211700000291,
                                                                    "count": 8864,
                                                                    "is_parallel": true,
                                                                    "self": 0.333211700000291
                                                                }
                                                            }
                                                        }
                                                    }
                                                }
                                            }
                                        }
                                    }
                                }
                            }
                        },
                        "trainer_advance": {
                            "total": 0.47582519999995654,
                            "count": 4432,
                            "self": 0.06978190000003615,
                            "children": {
                                "process_trajectory": {
                                    "total": 0.4060432999999204,
                                    "count": 4432,
                                    "self": 0.4060432999999204
                                }
                            }
                        }
                    }
                },
                "trainer_threads": {
                    "total": 7.000000010748408e-07,
                    "count": 1,
                    "self": 7.000000010748408e-07
                },
                "TrainerController._save_models": {
                    "total": 0.05694419999999667,
                    "count": 1,
                    "self": 0.008567900000002737,