{
    "name": "root",
    "gauges": {
        "ShootAgent.Policy.Entropy.mean": {
            "value": 0.37885361909866333,
            "min": 0.343185156583786,
            "max": 0.687332272529602,
            "count": 20
        },
        "ShootAgent.Policy.Entropy.sum": {
            "value": 9365.26171875,
            "min": 8483.537109375,
            "max": 17430.74609375,
            "count": 20
        },
        "ShootAgent.Step.mean": {
            "value": 499972.0,
            "min": 24976.0,
            "max": 499972.0,
            "count": 20
        },
        "ShootAgent.Step.sum": {
            "value": 499972.0,
            "min": 24976.0,
            "max": 499972.0,
            "count": 20
        },
        "ShootAgent.Policy.ExtrinsicValueEstimate.mean": {
            "value": 1.4415398836135864,
            "min": 0.1789446473121643,
            "max": 1.4749867916107178,
            "count": 20
        },
        "ShootAgent.Policy.ExtrinsicValueEstimate.sum": {
            "value": 725.0945434570312,
            "min": 88.3986587524414,
            "max": 741.9183349609375,
            "count": 20
        },
        "ShootAgent.Environment.EpisodeLength.mean": {
            "value": 99.0,
            "min": 99.0,
            "max": 99.33333333333333,
            "count": 20
        },
        "ShootAgent.Environment.EpisodeLength.sum": {
            "value": 25740.0,
            "min": 23760.0,
            "max": 25740.0,
            "count": 20
        },
        "ShootAgent.Environment.CumulativeReward.mean": {
            "value": 3.066147859922179,
            "min": 2.7859922178988326,
            "max": 3.325102880658436,
            "count": 20
        },
        "ShootAgent.Environment.CumulativeReward.sum": {
            "value": 788.0,
            "min": 708.0,
            "max": 808.0,
            "count": 20
        },
        "ShootAgent.Policy.ExtrinsicReward.mean": {
            "value": 3.066147859922179,
            "min": 2.7859922178988326,
            "max": 3.325102880658436,
            "count": 20
        },
        "ShootAgent.Policy.ExtrinsicReward.sum": {
            "value": 788.0,
            "min": 708.0,
            "max": 808.0,
            "count": 20
        },
        "ShootAgent.Losses.PolicyLoss.mean": {
            "value": 0.023923647676763887,
            "min": 0.020156568098658074,
            "max": 0.02750257351612108,
            "count": 20
        },
        "ShootAgent.Losses.PolicyLoss.sum": {
            "value": 0.047847295353527775,
            "min": 0.04031313619731615,
            "max": 0.07867289065863146,
            "count": 20
        },
        "ShootAgent.Losses.ValueLoss.mean": {
            "value": 0.3078947983907931,
            "min": 0.23320937624031846,
            "max": 0.33200575429381746,
            "count": 20
        },
        "ShootAgent.Losses.ValueLoss.sum": {
            "value": 0.6157895967815862,
            "min": 0.4664187524806369,
            "max": 0.9311646279963579,
            "count": 20
        },
        "ShootAgent.Policy.LearningRate.mean": {
            "value": 6.168097943999991e-06,
            "min": 6.168097943999991e-06,
            "max": 0.000289968003344,
            "count": 20
        },
        "ShootAgent.Policy.LearningRate.sum": {
            "value": 1.2336195887999982e-05,
            "min": 1.2336195887999982e-05,
            "max": 0.0007411200529599999,
            "count": 20
        },
        "ShootAgent.Policy.Epsilon.mean": {
            "value": 0.10205600000000001,
            "min": 0.10205600000000001,
            "max": 0.19665600000000005,
            "count": 20
        },
        "ShootAgent.Policy.Epsilon.sum": {
            "value": 0.20411200000000002,
            "min": 0.20411200000000002,
            "max": 0.54704,
            "count": 20
        },
        "ShootAgent.Policy.Beta.mean": {
            "value": 0.00011259439999999988,
            "min": 0.00011259439999999988,
            "max": 0.0048331343999999995,
            "count": 20
        },
        "ShootAgent.Policy.Beta.sum": {
            "value": 0.00022518879999999976,
            "min": 0.00022518879999999976,
            "max": 0.012357296,
            "count": 20
        },
        "ShootAgent.IsTraining.mean": {
            "value": 1.0,
            "min": 1.0,
            "max": 1.0,
            "count": 20
        },
        "ShootAgent.IsTraining.sum": {
            "value": 1.0,
            "min": 1.0,
            "max": 1.0,
            "count": 20
        }
    },
    "metadata": {
        "timer_format_version": "0.1.0",
        "start_time_seconds": "1717454036",
        "python_version": "3.9.13 (tags/v3.9.13:6de2ca5, May 17 2022, 16:36:42) [MSC v.1929 64 bit (AMD64)]",
        "command_line_arguments": "C:\\Users\\wangh\\OneDrive\\Desktop\\Projects\\275-tanks\\275-tanks\\venv\\Scripts\\mlagents-learn configuration.yaml --run-id==Shoot3",
        "mlagents_version": "0.30.0",
        "mlagents_envs_version": "0.30.0",
        "communication_protocol_version": "1.5.0",
        "pytorch_version": "2.3.0+cpu",
        "numpy_version": "1.21.2",
        "end_time_seconds": "1717454449"
    },
    "total": 412.58070180000004,
    "count": 1,
    "self": 0.005400000000008731,
    "children": {
        "run_training.setup": {
            "total": 0.05858910000000006,
            "count": 1,
            "self": 0.05858910000000006
        },
        "TrainerController.start_learning": {
            "total": 412.5167127,
            "count": 1,
            "self": 0.35440469999804236,
            "children": {
                "TrainerController._reset_env": {
                    "total": 7.878587199999999,
                    "count": 1,
                    "self": 7.878587199999999
                },
                "TrainerController.advance": {
                    "total": 404.258360300002,
                    "count": 25253,
                    "self": 0.3561508999983971,
                    "children": {
                        "env_step": {
                            "total": 334.36945280000185,
                            "count": 25253,
                            "self": 311.04573290000144,
                            "children": {
                                "SubprocessEnvManager._take_step": {
                                    "total": 23.081356100001102,
                                    "count": 25253,
                                    "self": 1.0865221000037906,
                                    "children": {
                                        "TorchPolicy.evaluate": {
                                            "total": 21.99483399999731,
                                            "count": 25004,
                                            "self": 21.99483399999731
                                        }
                                    }
                                },
                                "workers": {
                                    "total": 0.2423637999993371,
                                    "count": 25253,
                                    "self": 0.0,
                                    "children": {
                                        "worker_root": {
                                            "total": 404.7260649999997,
                                            "count": 25253,
                                            "is_parallel": true,
                                            "self": 118.35421089999534,
                                            "children": {
                                                "steps_from_proto": {
                                                    "total": 0.00030480000000032703,
                                                    "count": 1,
                                                    "is_parallel": true,
                                                    "self": 0.00013639999999970343,